{
  "type": "minecraft:jigsaw",
  "biomes": [
    "wyhaworld:lagmorphian_plains",
    "wyhaworld:lagmorphian_woods",
    "wyhaworld:lagmorphian_peaks"
  ],
  "step": "surface_structures",
  "spawn_overrides": {},
  "terrain_adaptation": "beard_thin",
  "start_pool": "wyhaworld:village/lagmorphia/center",
  "size": 6,
  "start_height": {
    "type": "minecraft:uniform",
    "min_inclusive": {
      "absolute": 63
    },
    "max_inclusive": {
      "absolute": 200
    }
  },
  "project_start_to_heightmap": "WORLD_SURFACE_WG",
  "max_distance_from_center": 80,
  "use_expansion_hack": true
}
