{
  "description": {
    "text": "Frost"
  },
  "supported_items": "minecraft:shield",
  "primary_items": "minecraft:shield",
  "weight": 1,
  "max_level": 5,
  "min_cost": {
    "base": 10,
    "per_level_above_first": 20
  },
  "max_cost": {
    "base": 60,
    "per_level_above_first": 20
  },
  "anvil_cost": 8,
  "slots": [
    "any"
  ],
  "effects": {
    "minecraft:post_attack": [
      {
        "enchanted": "victim",
        "affected": "attacker",
        "effect": {
          "type": "minecraft:all_of",
          "effects": [
            {
              "type": "minecraft:apply_mob_effect",
              "to_apply": "minecraft:slowness",
              "min_duration": 120,
              "max_duration": 120,
              "min_amplifier": 1,
              "max_amplifier": 5
            },
            {
              "type": "minecraft:damage_entity",
              "damage_type": "minecraft:freeze",
              "min_damage": 1,
              "max_damage": 5
            },
            {
              "type": "minecraft:damage_item",
              "amount": 2
            }
          ]
        },
        "requirements": {
          "condition": "minecraft:random_chance",
          "chance": {
            "type": "minecraft:enchantment_level",
            "amount": {
              "type": "minecraft:linear",
              "base": 0.15,
              "per_level_above_first": 0.15
            }
          }
        }
      }
    ]
  }
}
