{
  "description": {
    "text": "Thunder Protection"
  },
  "exclusive_set": "#minecraft:exclusive_set/armor",
  "supported_items": "#minecraft:enchantable/armor",
  "weight": 2,
  "max_level": 5,
  "min_cost": {
    "base": 5,
    "per_level_above_first": 8
  },
  "max_cost": {
    "base": 13,
    "per_level_above_first": 8
  },
  "anvil_cost": 4,
  "slots": [
    "armor"
  ],
  "effects": {
    "minecraft:damage_protection": [
      {
        "effect": {
          "type": "minecraft:add",
          "value": {
            "type": "minecraft:linear",
            "base": 2,
            "per_level_above_first": 2
          }
        },
        "requirements": {
          "condition": "minecraft:damage_source_properties",
          "predicate": {
            "tags": [
              {
                "id": "minecraft:is_lightning",
                "expected": true
              },
              {
                "id": "minecraft:bypasses_invulnerability",
                "expected": false
              }
            ]
          }
        }
      }
    ]
  }
}
