{
  "description": {
    "text": "Thundering"
  },
  "supported_items": "#minecraft:enchantable/weapon",
  "primary_items": "minecraft:mace",
  "weight": 1,
  "max_level": 5,
  "min_cost": {
    "base": 25,
    "per_level_above_first": 0
  },
  "max_cost": {
    "base": 50,
    "per_level_above_first": 0
  },
  "anvil_cost": 8,
  "slots": [
    "mainhand"
  ],
  "effects": {
    "minecraft:post_attack": [
      {
        "enchanted": "attacker",
        "affected": "victim",
        "effect": {
          "type": "minecraft:all_of",
          "effects": [
            {
              "type": "minecraft:summon_entity",
              "entity": "minecraft:lightning_bolt"
            },
            {
              "type": "minecraft:play_sound",
              "sound": "minecraft:item.trident.thunder",
              "volume": 5,
              "pitch": 1
            },
            {
              "type": "minecraft:explode",
              "radius": 0.2,
              "block_interaction": "none",
              "small_particle": {
                "type": "minecraft:electric_spark"
              },
              "large_particle": {
                "type": "minecraft:flash"
              },
              "sound": "minecraft:item.trident.thunder",
              "knockback_multiplier": 0.2,
              "attribute_to_user": false,
              "create_fire": false
            }
          ]
        },
        "requirements": {
          "condition": "minecraft:all_of",
          "terms": [
            {
              "condition": "minecraft:entity_properties",
              "entity": "attacker",
              "predicate": {
                "team": "wyha"
              }
            }
          ]
        }
      }
    ],
    "minecraft:attributes": [
      {
        "id": "minecraft:player.entity_interaction_range",
        "attribute": "minecraft:player.entity_interaction_range",
        "amount": {
          "type": "minecraft:levels_squared",
          "added": 5
        },
        "operation": "add_value"
      }
    ]
  }
}
