{
  "pools": [
    {
      "rolls": 1,
      "entries": [
        {
          "type": "minecraft:item",
          "name": "minecraft:chainmail_helmet"
        },
        {
          "type": "minecraft:item",
          "name": "minecraft:diamond_helmet"
        },
        {
          "type": "minecraft:item",
          "name": "minecraft:golden_helmet"
        },
        {
          "type": "minecraft:item",
          "name": "minecraft:iron_helmet"
        },
        {
          "type": "minecraft:item",
          "name": "minecraft:leather_helmet"
        },
        {
          "type": "minecraft:item",
          "name": "minecraft:netherite_helmet"
        },
        {
          "type": "minecraft:item",
          "name": "minecraft:dragon_head"
        },
        {
          "type": "minecraft:item",
          "name": "minecraft:player_head"
        },
        {
          "type": "minecraft:item",
          "name": "minecraft:carved_pumpkin"
        }
      ]
    },
    {
      "rolls": 1,
      "entries": [
        {
          "type": "minecraft:item",
          "name": "minecraft:chainmail_chestplate"
        },
        {
          "type": "minecraft:item",
          "name": "minecraft:diamond_chestplate"
        },
        {
          "type": "minecraft:item",
          "name": "minecraft:golden_chestplate"
        },
        {
          "type": "minecraft:item",
          "name": "minecraft:iron_chestplate"
        },
        {
          "type": "minecraft:item",
          "name": "minecraft:leather_chestplate"
        },
        {
          "type": "minecraft:item",
          "name": "minecraft:netherite_chestplate"
        }
      ]
    },
    {
      "rolls": 1,
      "entries": [
        {
          "type": "minecraft:item",
          "name": "minecraft:chainmail_leggings"
        },
        {
          "type": "minecraft:item",
          "name": "minecraft:diamond_leggings"
        },
        {
          "type": "minecraft:item",
          "name": "minecraft:golden_leggings"
        },
        {
          "type": "minecraft:item",
          "name": "minecraft:iron_leggings"
        },
        {
          "type": "minecraft:item",
          "name": "minecraft:leather_leggings"
        },
        {
          "type": "minecraft:item",
          "name": "minecraft:netherite_leggings"
        }
      ]
    },
    {
      "rolls": 1,
      "entries": [
        {
          "type": "minecraft:item",
          "name": "minecraft:chainmail_boots"
        },
        {
          "type": "minecraft:item",
          "name": "minecraft:diamond_boots"
        },
        {
          "type": "minecraft:item",
          "name": "minecraft:golden_boots"
        },
        {
          "type": "minecraft:item",
          "name": "minecraft:iron_boots"
        },
        {
          "type": "minecraft:item",
          "name": "minecraft:leather_boots"
        },
        {
          "type": "minecraft:item",
          "name": "minecraft:netherite_boots"
        }
      ]
    },
    {
      "rolls": 1,
      "entries": [
        {
          "type": "minecraft:item",
          "name": "minecraft:shield"
        },
        {
          "type": "minecraft:item",
          "name": "minecraft:totem_of_undying"
        }
      ]
    }
  ],
  "functions": [
    {
      "function": "minecraft:enchant_randomly",
      "conditions": [
        {
          "condition": "minecraft:random_chance",
          "chance": 0.5
        }
      ]
    },
    {
      "function": "minecraft:set_attributes",
      "modifiers": [
        {
          "id": "minecraft:generic.armor",
          "attribute": "minecraft:generic.armor",
          "amount": {
            "min": 0,
            "max": 30
          },
          "operation": "add_value",
          "slot": [
            "armor",
            "offhand"
          ]
        },
        {
          "id": "minecraft:generic.armor_toughness",
          "attribute": "minecraft:generic.armor_toughness",
          "amount": {
            "min": 0,
            "max": 20
          },
          "operation": "add_value",
          "slot": [
            "offhand",
            "armor"
          ]
        },
        {
          "id": "minecraft:generic.attack_damage",
          "attribute": "minecraft:generic.attack_damage",
          "amount": {
            "min": 0,
            "max": 20
          },
          "operation": "add_value",
          "slot": [
            "offhand",
            "armor"
          ]
        },
        {
          "id": "minecraft:generic.attack_knockback",
          "attribute": "minecraft:generic.attack_knockback",
          "amount": {
            "min": 0,
            "max": 5
          },
          "operation": "add_value",
          "slot": [
            "offhand",
            "armor"
          ]
        },
        {
          "id": "minecraft:generic.attack_speed",
          "attribute": "minecraft:generic.attack_speed",
          "amount": {
            "min": 0,
            "max": 1024
          },
          "operation": "add_value",
          "slot": [
            "offhand",
            "armor"
          ]
        },
        {
          "id": "minecraft:generic.burning_time",
          "attribute": "minecraft:generic.burning_time",
          "amount": {
            "min": 0,
            "max": 30
          },
          "operation": "add_value",
          "slot": [
            "offhand",
            "armor"
          ]
        },
        {
          "id": "minecraft:generic.explosion_knockback_resistance",
          "attribute": "minecraft:generic.explosion_knockback_resistance",
          "amount": {
            "min": 0,
            "max": 1
          },
          "operation": "add_value",
          "slot": [
            "offhand",
            "armor"
          ]
        },
        {
          "id": "minecraft:generic.flying_speed",
          "attribute": "minecraft:generic.flying_speed",
          "amount": {
            "min": 0,
            "max": 1
          },
          "operation": "add_value",
          "slot": [
            "offhand",
            "armor"
          ]
        },
        {
          "id": "minecraft:generic.follow_range",
          "attribute": "minecraft:generic.follow_range",
          "amount": {
            "min": 0,
            "max": 2048
          },
          "operation": "add_value",
          "slot": [
            "offhand",
            "armor"
          ]
        },
        {
          "id": "minecraft:generic.jump_strength",
          "attribute": "minecraft:generic.jump_strength",
          "amount": {
            "min": 0,
            "max": 1
          },
          "operation": "add_value",
          "slot": [
            "offhand",
            "armor"
          ]
        },
        {
          "id": "minecraft:generic.knockback_resistance",
          "attribute": "minecraft:generic.knockback_resistance",
          "amount": {
            "min": 0,
            "max": 1
          },
          "operation": "add_value",
          "slot": [
            "offhand",
            "armor"
          ]
        },
        {
          "id": "minecraft:generic.luck",
          "attribute": "minecraft:generic.luck",
          "amount": {
            "min": 0,
            "max": 1024
          },
          "operation": "add_value",
          "slot": [
            "offhand",
            "armor"
          ]
        },
        {
          "id": "minecraft:generic.max_absorption",
          "attribute": "minecraft:generic.max_absorption",
          "amount": {
            "min": 0,
            "max": 1
          },
          "operation": "add_value",
          "slot": [
            "offhand",
            "armor"
          ]
        },
        {
          "id": "minecraft:generic.max_health",
          "attribute": "minecraft:generic.max_health",
          "amount": {
            "min": 0,
            "max": 6
          },
          "operation": "add_value",
          "slot": [
            "offhand",
            "armor"
          ]
        },
        {
          "id": "minecraft:generic.movement_efficiency",
          "attribute": "minecraft:generic.movement_efficiency",
          "amount": {
            "min": 0,
            "max": 1
          },
          "operation": "add_value",
          "slot": [
            "offhand",
            "armor"
          ]
        },
        {
          "id": "minecraft:generic.movement_speed",
          "attribute": "minecraft:generic.movement_speed",
          "amount": {
            "min": 0,
            "max": 2
          },
          "operation": "add_value",
          "slot": [
            "offhand",
            "armor"
          ]
        },
        {
          "id": "minecraft:generic.oxygen_bonus",
          "attribute": "minecraft:generic.oxygen_bonus",
          "amount": {
            "min": 0,
            "max": 6
          },
          "operation": "add_value",
          "slot": [
            "offhand",
            "armor"
          ]
        },
        {
          "id": "minecraft:generic.safe_fall_distance",
          "attribute": "minecraft:generic.safe_fall_distance",
          "amount": {
            "min": 0,
            "max": 1024
          },
          "operation": "add_value",
          "slot": [
            "offhand",
            "armor"
          ]
        },
        {
          "id": "minecraft:generic.scale",
          "attribute": "minecraft:generic.scale",
          "amount": {
            "min": -1,
            "max": 1
          },
          "operation": "add_value",
          "slot": [
            "offhand",
            "armor"
          ]
        },
        {
          "id": "minecraft:generic.step_height",
          "attribute": "minecraft:generic.step_height",
          "amount": {
            "min": 0,
            "max": 10
          },
          "operation": "add_value",
          "slot": [
            "offhand",
            "armor"
          ]
        },
        {
          "id": "minecraft:generic.water_movement_efficiency",
          "attribute": "minecraft:generic.water_movement_efficiency",
          "amount": {
            "min": 0,
            "max": 1
          },
          "operation": "add_value",
          "slot": [
            "offhand",
            "armor"
          ]
        },
        {
          "id": "minecraft:player.block_break_speed",
          "attribute": "minecraft:player.block_break_speed",
          "amount": {
            "min": 0,
            "max": 1
          },
          "operation": "add_value",
          "slot": [
            "offhand",
            "armor"
          ]
        },
        {
          "id": "minecraft:player.block_interaction_range",
          "attribute": "minecraft:player.block_interaction_range",
          "amount": {
            "min": 0,
            "max": 16
          },
          "operation": "add_value",
          "slot": [
            "offhand",
            "armor"
          ]
        },
        {
          "id": "minecraft:player.entity_interaction_range",
          "attribute": "minecraft:player.entity_interaction_range",
          "amount": {
            "min": 0,
            "max": 16
          },
          "operation": "add_value",
          "slot": [
            "offhand",
            "armor"
          ]
        },
        {
          "id": "minecraft:player.mining_efficiency",
          "attribute": "minecraft:player.mining_efficiency",
          "amount": {
            "min": 0,
            "max": 1
          },
          "operation": "add_value",
          "slot": [
            "offhand",
            "armor"
          ]
        },
        {
          "id": "minecraft:player.sneaking_speed",
          "attribute": "minecraft:player.sneaking_speed",
          "amount": {
            "min": 0,
            "max": 1
          },
          "operation": "add_value",
          "slot": [
            "offhand",
            "armor"
          ]
        },
        {
          "id": "minecraft:player.submerged_mining_speed",
          "attribute": "minecraft:player.submerged_mining_speed",
          "amount": {
            "min": 0,
            "max": 1
          },
          "operation": "add_value",
          "slot": [
            "offhand",
            "armor"
          ]
        },
        {
          "id": "minecraft:player.sweeping_damage_ratio",
          "attribute": "minecraft:player.sweeping_damage_ratio",
          "amount": {
            "min": 0,
            "max": 2
          },
          "operation": "add_value",
          "slot": [
            "offhand",
            "armor"
          ]
        },
        {
          "id": "minecraft:zombie.spawn_reinforcements",
          "attribute": "minecraft:zombie.spawn_reinforcements",
          "amount": {
            "min": 0,
            "max": 1
          },
          "operation": "add_value",
          "slot": [
            "offhand",
            "armor"
          ]
        }
      ],
      "conditions": [
        {
          "condition": "minecraft:random_chance",
          "chance": 0.5
        }
      ]
    }
  ]
}
