{
  "type": "minecraft:chest",
  "pools": [
    {
      "rolls": 5,
      "bonus_rolls": 0,
      "entries": [
        {
          "type": "minecraft:item",
          "name": "minecraft:carrot",
          "functions": [
            {
              "function": "minecraft:set_components",
              "components": {
                "minecraft:food": {
                  "nutrition": 5,
                  "saturation": 5,
                  "can_always_eat": false,
                  "eat_seconds": 1
                }
              }
            }
          ]
        },
        {
          "type": "minecraft:item",
          "name": "minecraft:golden_carrot",
          "functions": [
            {
              "function": "minecraft:set_components",
              "components": {
                "minecraft:food": {
                  "nutrition": 25,
                  "saturation": 25,
                  "can_always_eat": false,
                  "eat_seconds": 1,
                  "using_converts_to": {
                    "id": "minecraft:gold_nugget"
                  }
                }
              },
              "conditions": [
                {
                  "condition": "minecraft:random_chance",
                  "chance": 0.2
                }
              ]
            }
          ]
        },
        {
          "type": "minecraft:item",
          "name": "minecraft:pumpkin_pie",
          "functions": [
            {
              "function": "minecraft:set_components",
              "components": {
                "minecraft:food": {
                  "nutrition": 5,
                  "saturation": 5,
                  "can_always_eat": false,
                  "eat_seconds": 1,
                  "using_converts_to": {
                    "id": "minecraft:pumpkin_seeds"
                  }
                }
              }
            }
          ]
        }
      ]
    },
    {
      "rolls": 1,
      "entries": [
        {
          "type": "minecraft:item",
          "name": "minecraft:deepslate"
        },
        {
          "type": "minecraft:item",
          "name": "minecraft:deepslate_diamond_ore"
        },
        {
          "type": "minecraft:item",
          "name": "minecraft:deepslate_coal_ore"
        },
        {
          "type": "minecraft:item",
          "name": "minecraft:deepslate_copper_ore"
        },
        {
          "type": "minecraft:item",
          "name": "minecraft:deepslate_gold_ore"
        },
        {
          "type": "minecraft:item",
          "name": "minecraft:deepslate_iron_ore"
        },
        {
          "type": "minecraft:item",
          "name": "minecraft:quartz_block"
        },
        {
          "type": "minecraft:item",
          "name": "minecraft:acacia_log"
        },
        {
          "type": "minecraft:item",
          "name": "minecraft:cherry_log"
        },
        {
          "type": "minecraft:item",
          "name": "minecraft:dark_oak_log"
        },
        {
          "type": "minecraft:item",
          "name": "minecraft:warped_stem"
        },
        {
          "type": "minecraft:item",
          "name": "minecraft:deepslate"
        },
        {
          "type": "minecraft:item",
          "name": "minecraft:tuff"
        },
        {
          "type": "minecraft:item",
          "name": "minecraft:blackstone"
        },
        {
          "type": "minecraft:item",
          "name": "minecraft:basalt"
        },
        {
          "type": "minecraft:item",
          "name": "minecraft:ochre_froglight"
        },
        {
          "type": "minecraft:item",
          "name": "minecraft:sea_lantern"
        },
        {
          "type": "minecraft:item",
          "name": "minecraft:shroomlight"
        },
        {
          "type": "minecraft:item",
          "name": "minecraft:crying_obsidian"
        },
        {
          "type": "minecraft:item",
          "name": "minecraft:obsidian"
        },
        {
          "type": "minecraft:item",
          "name": "minecraft:redstone_lamp"
        },
        {
          "type": "minecraft:item",
          "name": "minecraft:copper_bulb"
        },
        {
          "type": "minecraft:item",
          "name": "minecraft:exposed_copper_bulb"
        },
        {
          "type": "minecraft:item",
          "name": "minecraft:weathered_copper_bulb"
        },
        {
          "type": "minecraft:item",
          "name": "minecraft:oxidized_copper_bulb"
        }
      ],
      "functions": [
        {
          "function": "minecraft:set_count",
          "count": {
            "min": 1,
            "max": 5
          }
        }
      ]
    },
    {
      "rolls": 1,
      "entries": [
        {
          "type": "minecraft:item",
          "name": "minecraft:gold_nugget"
        },
        {
          "type": "minecraft:item",
          "name": "minecraft:iron_nugget"
        },
        {
          "type": "minecraft:item",
          "name": "minecraft:copper_ingot"
        },
        {
          "type": "minecraft:item",
          "name": "minecraft:gold_ingot"
        },
        {
          "type": "minecraft:item",
          "name": "minecraft:iron_ingot"
        },
        {
          "type": "minecraft:item",
          "name": "minecraft:netherite_ingot"
        },
        {
          "type": "minecraft:item",
          "name": "minecraft:diamond"
        },
        {
          "type": "minecraft:item",
          "name": "minecraft:quartz"
        },
        {
          "type": "minecraft:item",
          "name": "minecraft:diamond_block"
        },
        {
          "type": "minecraft:item",
          "name": "minecraft:gold_block"
        },
        {
          "type": "minecraft:item",
          "name": "minecraft:iron_block"
        },
        {
          "type": "minecraft:item",
          "name": "minecraft:netherite_block"
        },
        {
          "type": "minecraft:item",
          "name": "minecraft:copper_block"
        },
        {
          "type": "minecraft:item",
          "name": "minecraft:raw_copper_block"
        },
        {
          "type": "minecraft:item",
          "name": "minecraft:raw_gold_block"
        },
        {
          "type": "minecraft:item",
          "name": "minecraft:raw_iron_block"
        },
        {
          "type": "minecraft:item",
          "name": "minecraft:oxidized_copper"
        },
        {
          "type": "minecraft:item",
          "name": "minecraft:weathered_copper"
        },
        {
          "type": "minecraft:item",
          "name": "minecraft:exposed_copper"
        },
        {
          "type": "minecraft:item",
          "name": "minecraft:blaze_powder"
        },
        {
          "type": "minecraft:item",
          "name": "minecraft:blaze_rod"
        },
        {
          "type": "minecraft:item",
          "name": "minecraft:breeze_rod"
        },
        {
          "type": "minecraft:item",
          "name": "minecraft:wind_charge"
        },
        {
          "type": "minecraft:item",
          "name": "minecraft:lightning_rod"
        },
        {
          "type": "minecraft:item",
          "name": "minecraft:black_dye",
          "functions": [
            {
              "function": "minecraft:set_count",
              "count": {
                "min": 0,
                "max": 5
              }
            }
          ]
        },
        {
          "type": "minecraft:item",
          "name": "minecraft:light_blue_dye",
          "functions": [
            {
              "function": "minecraft:set_count",
              "count": {
                "min": 0,
                "max": 5
              }
            }
          ]
        },
        {
          "type": "minecraft:item",
          "name": "minecraft:yellow_dye",
          "functions": [
            {
              "function": "minecraft:set_count",
              "count": {
                "min": 0,
                "max": 5
              }
            }
          ]
        },
        {
          "type": "minecraft:item",
          "name": "minecraft:orange_dye",
          "functions": [
            {
              "function": "minecraft:set_count",
              "count": {
                "min": 0,
                "max": 5
              }
            }
          ]
        },
        {
          "type": "minecraft:item",
          "name": "minecraft:light_gray_dye",
          "functions": [
            {
              "function": "minecraft:set_count",
              "count": {
                "min": 0,
                "max": 5
              }
            }
          ]
        },
        {
          "type": "minecraft:item",
          "name": "minecraft:dandelion",
          "functions": [
            {
              "function": "minecraft:set_count",
              "count": {
                "min": 0,
                "max": 5
              }
            }
          ]
        },
        {
          "type": "minecraft:item",
          "name": "minecraft:blue_orchid",
          "functions": [
            {
              "function": "minecraft:set_count",
              "count": {
                "min": 0,
                "max": 5
              }
            }
          ]
        },
        {
          "type": "minecraft:item",
          "name": "minecraft:orange_tulip",
          "functions": [
            {
              "function": "minecraft:set_count",
              "count": {
                "min": 0,
                "max": 5
              }
            }
          ]
        },
        {
          "type": "minecraft:item",
          "name": "minecraft:white_tulip",
          "functions": [
            {
              "function": "minecraft:set_count",
              "count": {
                "min": 0,
                "max": 5
              }
            }
          ]
        },
        {
          "type": "minecraft:item",
          "name": "minecraft:pink_tulip",
          "functions": [
            {
              "function": "minecraft:set_count",
              "count": {
                "min": 0,
                "max": 5
              }
            }
          ]
        },
        {
          "type": "minecraft:item",
          "name": "minecraft:pink_petals",
          "functions": [
            {
              "function": "minecraft:set_count",
              "count": {
                "min": 0,
                "max": 5
              }
            }
          ]
        },
        {
          "type": "minecraft:item",
          "name": "minecraft:oxeye_daisy",
          "functions": [
            {
              "function": "minecraft:set_count",
              "count": {
                "min": 0,
                "max": 5
              }
            }
          ]
        },
        {
          "type": "minecraft:item",
          "name": "minecraft:azure_bluet",
          "functions": [
            {
              "function": "minecraft:set_count",
              "count": {
                "min": 0,
                "max": 5
              }
            }
          ]
        },
        {
          "type": "minecraft:item",
          "name": "minecraft:lily_of_the_valley",
          "functions": [
            {
              "function": "minecraft:set_count",
              "count": {
                "min": 0,
                "max": 5
              }
            }
          ]
        },
        {
          "type": "minecraft:item",
          "name": "minecraft:flowering_azalea",
          "functions": [
            {
              "function": "minecraft:set_count",
              "count": {
                "min": 0,
                "max": 5
              }
            }
          ]
        },
        {
          "type": "minecraft:item",
          "name": "minecraft:azalea",
          "functions": [
            {
              "function": "minecraft:set_count",
              "count": {
                "min": 0,
                "max": 5
              }
            }
          ]
        },
        {
          "type": "minecraft:item",
          "name": "minecraft:moss_block",
          "functions": [
            {
              "function": "minecraft:set_count",
              "count": {
                "min": 0,
                "max": 5
              }
            }
          ]
        },
        {
          "type": "minecraft:item",
          "name": "minecraft:acacia_sapling",
          "functions": [
            {
              "function": "minecraft:set_count",
              "count": {
                "min": 0,
                "max": 5
              }
            }
          ]
        },
        {
          "type": "minecraft:item",
          "name": "minecraft:cherry_sapling",
          "functions": [
            {
              "function": "minecraft:set_count",
              "count": {
                "min": 0,
                "max": 5
              }
            }
          ]
        },
        {
          "type": "minecraft:item",
          "name": "minecraft:dark_oak_sapling",
          "functions": [
            {
              "function": "minecraft:set_count",
              "count": {
                "min": 0,
                "max": 5
              }
            }
          ]
        },
        {
          "type": "minecraft:item",
          "name": "minecraft:warped_fungus",
          "functions": [
            {
              "function": "minecraft:set_count",
              "count": {
                "min": 0,
                "max": 5
              }
            }
          ]
        },
        {
          "type": "minecraft:item",
          "name": "minecraft:bamboo",
          "functions": [
            {
              "function": "minecraft:set_count",
              "count": {
                "min": 0,
                "max": 5
              }
            }
          ]
        },
        {
          "type": "minecraft:item",
          "name": "minecraft:pumpkin_seeds",
          "functions": [
            {
              "function": "minecraft:set_count",
              "count": {
                "min": 0,
                "max": 5
              }
            }
          ]
        },
        {
          "type": "minecraft:item",
          "name": "minecraft:flint"
        }
      ]
    },
    {
      "rolls": 1,
      "entries": [
        {
          "type": "minecraft:item",
          "name": "minecraft:bolt_armor_trim_smithing_template"
        },
        {
          "type": "minecraft:item",
          "name": "minecraft:flow_armor_trim_smithing_template"
        },
        {
          "type": "minecraft:item",
          "name": "minecraft:host_armor_trim_smithing_template"
        },
        {
          "type": "minecraft:item",
          "name": "minecraft:raiser_armor_trim_smithing_template"
        },
        {
          "type": "minecraft:item",
          "name": "minecraft:shaper_armor_trim_smithing_template"
        },
        {
          "type": "minecraft:item",
          "name": "minecraft:silence_armor_trim_smithing_template"
        },
        {
          "type": "minecraft:item",
          "name": "minecraft:wayfinder_armor_trim_smithing_template"
        }
      ],
      "functions": [
        {
          "function": "minecraft:set_count",
          "count": {
            "min": 0,
            "max": 5
          }
        }
      ]
    },
    {
      "rolls": 1,
      "entries": [
        {
          "type": "minecraft:item",
          "name": "minecraft:diamond_axe"
        },
        {
          "type": "minecraft:item",
          "name": "minecraft:diamond_pickaxe"
        },
        {
          "type": "minecraft:item",
          "name": "minecraft:golden_axe"
        },
        {
          "type": "minecraft:item",
          "name": "minecraft:golden_pickaxe"
        },
        {
          "type": "minecraft:item",
          "name": "minecraft:iron_axe"
        },
        {
          "type": "minecraft:item",
          "name": "minecraft:iron_pickaxe"
        },
        {
          "type": "minecraft:item",
          "name": "minecraft:netherite_axe"
        },
        {
          "type": "minecraft:item",
          "name": "minecraft:stone_axe"
        },
        {
          "type": "minecraft:item",
          "name": "minecraft:stone_pickaxe"
        },
        {
          "type": "minecraft:item",
          "name": "minecraft:wooden_axe"
        },
        {
          "type": "minecraft:item",
          "name": "minecraft:wooden_pickaxe"
        },
        {
          "type": "minecraft:item",
          "name": "minecraft:diamond_shovel"
        },
        {
          "type": "minecraft:item",
          "name": "minecraft:golden_shovel"
        },
        {
          "type": "minecraft:item",
          "name": "minecraft:iron_shovel"
        },
        {
          "type": "minecraft:item",
          "name": "minecraft:netherite_shovel"
        },
        {
          "type": "minecraft:item",
          "name": "minecraft:stone_shovel"
        },
        {
          "type": "minecraft:item",
          "name": "minecraft:wooden_shovel"
        },
        {
          "type": "minecraft:item",
          "name": "minecraft:diamond_hoe"
        },
        {
          "type": "minecraft:item",
          "name": "minecraft:golden_hoe"
        },
        {
          "type": "minecraft:item",
          "name": "minecraft:iron_hoe"
        },
        {
          "type": "minecraft:item",
          "name": "minecraft:netherite_hoe"
        },
        {
          "type": "minecraft:item",
          "name": "minecraft:stone_hoe"
        },
        {
          "type": "minecraft:item",
          "name": "minecraft:wooden_hoe"
        },
        {
          "type": "minecraft:item",
          "name": "minecraft:shears"
        },
        {
          "type": "minecraft:item",
          "name": "minecraft:bucket"
        },
        {
          "type": "minecraft:item",
          "name": "minecraft:lava_bucket"
        },
        {
          "type": "minecraft:item",
          "name": "minecraft:water_bucket"
        },
        {
          "type": "minecraft:item",
          "name": "minecraft:powder_snow_bucket"
        },
        {
          "type": "minecraft:item",
          "name": "minecraft:compass"
        },
        {
          "type": "minecraft:item",
          "name": "minecraft:lodestone"
        },
        {
          "type": "minecraft:item",
          "name": "minecraft:respawn_anchor"
        },
        {
          "type": "minecraft:item",
          "name": "minecraft:flint_and_steel"
        }
      ]
    }
  ]
}
