{
  "description": {
    "text": "Frost"
  },
  "supported_items": "minecraft:shield",
  "primary_items": "minecraft:shield",
  "weight": 1,
  "max_level": 5,
  "min_cost": {
    "base": 10,
    "per_level_above_first": 20
  },
  "max_cost": {
    "base": 60,
    "per_level_above_first": 20
  },
  "anvil_cost": 8,
  "slots": [
    "any"
  ],
  "effects": {
    "minecraft:post_attack": [
      {
        "enchanted": "attacker",
        "affected": "victim",
        "effect": {
          "type": "minecraft:all_of",
          "effects": [
            {
              "type": "minecraft:play_sound",
              "sound": "minecraft:entity.player.hurt_freeze",
              "volume": 0.00001,
              "pitch": 0.00001
            },
            {
              "type": "minecraft:damage_entity",
              "damage_type": "minecraft:freeze",
              "min_damage": {
                "type": "minecraft:levels_squared",
                "added": 1
              },
              "max_damage": {
                "type": "minecraft:levels_squared",
                "added": 1
              }
            }
          ]
        },
        "requirements": {
          "condition": "minecraft:entity_properties",
          "entity": "this",
          "predicate": {
            "team": "wyha"
          }
        }
      },
      {
        "enchanted": "victim",
        "affected": "attacker",
        "effect": {
          "type": "minecraft:all_of",
          "effects": [
            {
              "type": "minecraft:apply_mob_effect",
              "to_apply": "minecraft:slowness",
              "min_duration": {
                "type": "minecraft:levels_squared",
                "added": 1
              },
              "max_duration": 120,
              "min_amplifier": {
                "type": "minecraft:levels_squared",
                "added": 1
              },
              "max_amplifier": {
                "type": "minecraft:levels_squared",
                "added": 1
              }
            },
            {
              "type": "minecraft:damage_entity",
              "damage_type": "minecraft:freeze",
              "min_damage": 1,
              "max_damage": 5
            },
            {
              "type": "minecraft:play_sound",
              "sound": "minecraft:entity.player.hurt_freeze",
              "volume": 1,
              "pitch": 1
            }
          ]
        },
        "requirements": {
          "condition": "minecraft:random_chance",
          "chance": {
            "type": "minecraft:enchantment_level",
            "amount": {
              "type": "minecraft:linear",
              "base": 0.2,
              "per_level_above_first": 0.2
            }
          }
        }
      }
    ]
  }
}
