{
  "ultrawarm": false,
  "natural": true,
  "piglin_safe": true,
  "respawn_anchor_works": true,
  "bed_works": true,
  "has_raids": true,
  "has_skylight": true,
  "has_ceiling": false,
  "coordinate_scale": 1,
  "ambient_light": 0,
  "logical_height": 300,
  "effects": "minecraft:overworld",
  "infiniburn": "#minecraft:infiniburn_overworld",
  "min_y": 0,
  "height": 304,
  "monster_spawn_light_level": {
    "type": "minecraft:uniform",
    "min_inclusive": 0,
    "max_inclusive": 15
  },
  "monster_spawn_block_light_limit": 15
}
