{
  "type": "minecraft:jigsaw",
  "biomes": [
    "whs_world:lagmorphian_plains",
    "whs_world:lagmorphian_woods",
    "whs_world:lagmorphian_peaks"
  ],
  "step": "surface_structures",
  "spawn_overrides": {},
  "terrain_adaptation": "beard_thin",
  "start_pool": "whs_world:village/lagmorphia/center",
  "size": 5,
  "start_height": {
    "type": "minecraft:uniform",
    "min_inclusive": {
      "absolute": 63
    },
    "max_inclusive": {
      "absolute": 63
    }
  },
  "project_start_to_heightmap": "WORLD_SURFACE_WG",
  "max_distance_from_center": 80,
  "use_expansion_hack": true,
  "dimension_padding": 5,
  "liquid_settings": "ignore_waterlogging"
}
