{
  "pools": [
    {
      "rolls": 1,
      "entries": [
        {
          "type": "minecraft:item",
          "name": "minecraft:chainmail_helmet"
        },
        {
          "type": "minecraft:item",
          "name": "minecraft:diamond_helmet"
        },
        {
          "type": "minecraft:item",
          "name": "minecraft:golden_helmet"
        },
        {
          "type": "minecraft:item",
          "name": "minecraft:iron_helmet"
        },
        {
          "type": "minecraft:item",
          "name": "minecraft:leather_helmet"
        },
        {
          "type": "minecraft:item",
          "name": "minecraft:netherite_helmet"
        },
        {
          "type": "minecraft:item",
          "name": "minecraft:carved_pumpkin"
        },
        {
          "type": "minecraft:item",
          "name": "minecraft:player_head"
        },
        {
          "type": "minecraft:item",
          "name": "minecraft:dragon_head"
        },
        {
          "type": "minecraft:item",
          "name": "minecraft:creeper_head"
        },
        {
          "type": "minecraft:item",
          "name": "minecraft:skeleton_skull"
        },
        {
          "type": "minecraft:item",
          "name": "minecraft:wither_skeleton_skull"
        },
        {
          "type": "minecraft:item",
          "name": "minecraft:zombie_head"
        },
        {
          "type": "minecraft:item",
          "name": "minecraft:piglin_head"
        }
      ],
      "functions": [
        {
          "function": "minecraft:set_attributes",
          "modifiers": [
            {
              "attribute": "minecraft:generic.max_health",
              "name": "",
              "amount": {
                "min": 1,
                "max": 20
              },
              "operation": "addition",
              "slot": "head"
            },
            {
              "attribute": "minecraft:generic.armor",
              "name": "",
              "amount": {
                "min": 1,
                "max": 20
              },
              "operation": "addition",
              "slot": "head"
            },
            {
              "attribute": "minecraft:generic.armor_toughness",
              "name": "",
              "amount": {
                "min": 1,
                "max": 5
              },
              "operation": "addition",
              "slot": "head"
            },
            {
              "attribute": "minecraft:generic.knockback_resistance",
              "name": "",
              "amount": {
                "min": 0.01,
                "max": 1
              },
              "operation": "addition",
              "slot": "head"
            },
            {
              "attribute": "minecraft:generic.follow_range",
              "name": "",
              "amount": {
                "min": 1,
                "max": 32
              },
              "operation": "addition",
              "slot": "head"
            }
          ],
          "conditions": [
            {
              "condition": "minecraft:random_chance",
              "chance": 0.5
            }
          ]
        }
      ]
    },
    {
      "rolls": 1,
      "entries": [
        {
          "type": "minecraft:item",
          "name": "minecraft:chainmail_chestplate"
        },
        {
          "type": "minecraft:item",
          "name": "minecraft:diamond_chestplate"
        },
        {
          "type": "minecraft:item",
          "name": "minecraft:golden_chestplate"
        },
        {
          "type": "minecraft:item",
          "name": "minecraft:iron_chestplate"
        },
        {
          "type": "minecraft:item",
          "name": "minecraft:leather_chestplate"
        },
        {
          "type": "minecraft:item",
          "name": "minecraft:netherite_chestplate",
          "functions": [
            {
              "function": "minecraft:set_attributes",
              "modifiers": [
                {
                  "attribute": "minecraft:generic.max_health",
                  "name": "",
                  "amount": {
                    "min": 1,
                    "max": 20
                  },
                  "operation": "addition",
                  "slot": "chest"
                },
                {
                  "attribute": "minecraft:generic.armor_toughness",
                  "name": "",
                  "amount": {
                    "min": 1,
                    "max": 4
                  },
                  "operation": "addition",
                  "slot": "chest"
                },
                {
                  "attribute": "minecraft:generic.knockback_resistance",
                  "name": "",
                  "amount": {
                    "min": 0.01,
                    "max": 1
                  },
                  "operation": "addition",
                  "slot": "chest"
                },
                {
                  "attribute": "minecraft:generic.armor",
                  "name": "",
                  "amount": {
                    "min": 1,
                    "max": 20
                  },
                  "operation": "addition",
                  "slot": "chest"
                }
              ],
              "conditions": [
                {
                  "condition": "minecraft:random_chance",
                  "chance": 0.5
                }
              ]
            }
          ]
        }
      ]
    },
    {
      "rolls": 1,
      "entries": [
        {
          "type": "minecraft:item",
          "name": "minecraft:chainmail_leggings"
        },
        {
          "type": "minecraft:item",
          "name": "minecraft:diamond_leggings"
        },
        {
          "type": "minecraft:item",
          "name": "minecraft:golden_leggings"
        },
        {
          "type": "minecraft:item",
          "name": "minecraft:iron_leggings"
        },
        {
          "type": "minecraft:item",
          "name": "minecraft:leather_leggings"
        },
        {
          "type": "minecraft:item",
          "name": "minecraft:netherite_leggings",
          "functions": [
            {
              "function": "minecraft:set_attributes",
              "modifiers": [
                {
                  "attribute": "minecraft:generic.max_health",
                  "name": "",
                  "amount": {
                    "min": 1,
                    "max": 20
                  },
                  "operation": "addition",
                  "slot": "legs"
                },
                {
                  "attribute": "minecraft:generic.movement_speed",
                  "name": "",
                  "amount": {
                    "min": 0.01,
                    "max": 1
                  },
                  "operation": "addition",
                  "slot": "legs"
                },
                {
                  "attribute": "minecraft:generic.armor",
                  "name": "",
                  "amount": {
                    "min": 1,
                    "max": 20
                  },
                  "operation": "addition",
                  "slot": "legs"
                },
                {
                  "attribute": "minecraft:generic.armor_toughness",
                  "name": "",
                  "amount": {
                    "min": 1,
                    "max": 5
                  },
                  "operation": "addition",
                  "slot": "legs"
                },
                {
                  "attribute": "minecraft:generic.knockback_resistance",
                  "name": "",
                  "amount": {
                    "min": 0.01,
                    "max": 1
                  },
                  "operation": "addition",
                  "slot": "legs"
                }
              ],
              "conditions": [
                {
                  "condition": "minecraft:random_chance",
                  "chance": 0.5
                }
              ]
            }
          ]
        }
      ]
    },
    {
      "rolls": 1,
      "entries": [
        {
          "type": "minecraft:item",
          "name": "minecraft:chainmail_boots"
        },
        {
          "type": "minecraft:item",
          "name": "minecraft:diamond_boots"
        },
        {
          "type": "minecraft:item",
          "name": "minecraft:golden_boots"
        },
        {
          "type": "minecraft:item",
          "name": "minecraft:iron_boots"
        },
        {
          "type": "minecraft:item",
          "name": "minecraft:leather_boots"
        },
        {
          "type": "minecraft:item",
          "name": "minecraft:netherite_boots"
        }
      ],
      "functions": [
        {
          "function": "minecraft:set_attributes",
          "modifiers": [
            {
              "attribute": "minecraft:generic.max_health",
              "name": "",
              "amount": {
                "min": 1,
                "max": 20
              },
              "operation": "addition",
              "slot": "feet"
            },
            {
              "attribute": "minecraft:generic.armor",
              "name": "",
              "amount": {
                "min": 1,
                "max": 20
              },
              "operation": "addition",
              "slot": "feet"
            },
            {
              "attribute": "minecraft:generic.movement_speed",
              "name": "",
              "amount": {
                "min": 0.01,
                "max": 1
              },
              "operation": "addition",
              "slot": "feet"
            },
            {
              "attribute": "minecraft:generic.armor_toughness",
              "name": "",
              "amount": {
                "min": 1,
                "max": 5
              },
              "operation": "addition",
              "slot": "feet"
            },
            {
              "attribute": "minecraft:horse.jump_strength",
              "name": "",
              "amount": {
                "min": 1,
                "max": 2
              },
              "operation": "addition",
              "slot": "feet"
            },
            {
              "attribute": "minecraft:generic.knockback_resistance",
              "name": "",
              "amount": {
                "min": 0.01,
                "max": 1
              },
              "operation": "addition",
              "slot": "feet"
            }
          ],
          "conditions": [
            {
              "condition": "minecraft:random_chance",
              "chance": 0.5
            }
          ]
        }
      ]
    },
    {
      "rolls": 1,
      "entries": [
        {
          "type": "minecraft:item",
          "name": "minecraft:totem_of_undying"
        },
        {
          "type": "minecraft:item",
          "name": "minecraft:shield"
        }
      ]
    }
  ],
  "functions": [
    {
      "function": "minecraft:enchant_randomly",
      "conditions": [
        {
          "condition": "minecraft:random_chance",
          "chance": 0.5
        }
      ]
    }
  ]
}
