{
  "type": "wyhaworldsniff:lagmorphia",
  "generator": {
    "type": "minecraft:noise",
    "settings": {
      "sea_level": 0,
      "disable_mob_generation": false,
      "aquifers_enabled": true,
      "ore_veins_enabled": true,
      "legacy_random_source": true,
      "default_block": {
        "Name": "minecraft:deepslate",
        "Properties": {
          "axis": "y"
        }
      },
      "default_fluid": {
        "Name": "minecraft:water",
        "Properties": {
          "level": "0"
        }
      },
      "noise": {
        "min_y": -64,
        "height": 208,
        "size_horizontal": 1,
        "size_vertical": 2
      },
      "noise_router": {
        "barrier": 0,
        "fluid_level_floodedness": 0,
        "fluid_level_spread": 0,
        "lava": 0,
        "temperature": 0,
        "vegetation": 0,
        "continents": 0,
        "erosion": 0,
        "depth": 0,
        "ridges": 0,
        "initial_density_without_jaggedness": 0,
        "final_density": {
          "type": "minecraft:noise",
          "noise": "minecraft:noodle",
          "xz_scale": 2,
          "y_scale": 10
        },
        "vein_toggle": -5,
        "vein_ridged": -5,
        "vein_gap": -5
      },
      "spawn_target": [],
      "surface_rule": {
        "type": "minecraft:sequence",
        "sequence": [
          {
            "type": "minecraft:condition",
            "if_true": {
              "type": "minecraft:y_above",
              "anchor": {
                "absolute": 63
              },
              "surface_depth_multiplier": 0,
              "add_stone_depth": false
            },
            "then_run": {
              "type": "minecraft:condition",
              "if_true": {
                "type": "minecraft:stone_depth",
                "offset": 0,
                "surface_type": "floor",
                "add_surface_depth": false,
                "secondary_depth_range": 0
              },
              "then_run": {
                "type": "minecraft:block",
                "result_state": {
                  "Name": "minecraft:grass_block",
                  "Properties": {
                    "snowy": "false"
                  }
                }
              }
            }
          },
          {
            "type": "minecraft:condition",
            "if_true": {
              "type": "minecraft:y_above",
              "anchor": {
                "absolute": 63
              },
              "surface_depth_multiplier": 0,
              "add_stone_depth": false
            },
            "then_run": {
              "type": "minecraft:condition",
              "if_true": {
                "type": "minecraft:stone_depth",
                "offset": 1,
                "surface_type": "floor",
                "add_surface_depth": true,
                "secondary_depth_range": 1
              },
              "then_run": {
                "type": "minecraft:block",
                "result_state": {
                  "Name": "minecraft:dirt"
                }
              }
            }
          }
        ]
      }
    },
    "biome_source": {
      "type": "minecraft:multi_noise",
      "biomes": [
        {
          "biome": "wyhaworldsniff:lagmorphian_plains",
          "parameters": {
            "temperature": 0,
            "humidity": 0,
            "continentalness": 0,
            "erosion": 0,
            "weirdness": 0,
            "depth": 0,
            "offset": 0
          }
        }
      ]
    }
  }
}
