{
  "structures": [
    {
      "structure": "whs_world:hut",
      "weight": 5
    },
    {
      "structure": "whs_world:arena",
      "weight": 1
    },
    {
      "structure": "whs_world:village_lagmorphia",
      "weight": 1
    },
    {
      "structure": "whs_world:tavern",
      "weight": 1
    }
  ],
  "placement": {
    "type": "minecraft:random_spread",
    "salt": 252729314,
    "frequency_reduction_method": "legacy_type_2",
    "frequency": 0.2,
    "spread_type": "triangular",
    "spacing": 5,
    "separation": 4
  }
}
