{
  "type": "minecraft:archaeology",
  "pools": [
    {
      "rolls": 1,
      "entries": [
        {
          "type": "minecraft:item",
          "name": "minecraft:diamond_axe"
        },
        {
          "type": "minecraft:item",
          "name": "minecraft:golden_axe"
        },
        {
          "type": "minecraft:item",
          "name": "minecraft:iron_axe"
        },
        {
          "type": "minecraft:item",
          "name": "minecraft:netherite_axe"
        },
        {
          "type": "minecraft:item",
          "name": "minecraft:stone_axe"
        },
        {
          "type": "minecraft:item",
          "name": "minecraft:wooden_axe"
        },
        {
          "type": "minecraft:item",
          "name": "minecraft:diamond_sword"
        },
        {
          "type": "minecraft:item",
          "name": "minecraft:golden_sword"
        },
        {
          "type": "minecraft:item",
          "name": "minecraft:iron_sword"
        },
        {
          "type": "minecraft:item",
          "name": "minecraft:netherite_sword"
        },
        {
          "type": "minecraft:item",
          "name": "minecraft:stone_sword"
        },
        {
          "type": "minecraft:item",
          "name": "minecraft:wooden_sword"
        },
        {
          "type": "minecraft:item",
          "name": "minecraft:trident"
        },
        {
          "type": "minecraft:item",
          "name": "minecraft:bow"
        },
        {
          "type": "minecraft:item",
          "name": "minecraft:crossbow"
        }
      ],
      "functions": [
        {
          "function": "minecraft:enchant_randomly",
          "enchantments": [
            "minecraft:aqua_affinity",
            "minecraft:bane_of_arthropods",
            "minecraft:channeling",
            "minecraft:depth_strider",
            "minecraft:efficiency",
            "minecraft:fire_aspect",
            "minecraft:flame",
            "minecraft:fortune",
            "minecraft:impaling",
            "minecraft:infinity",
            "minecraft:knockback",
            "minecraft:looting",
            "minecraft:loyalty",
            "minecraft:mending",
            "minecraft:multishot",
            "minecraft:piercing",
            "minecraft:power",
            "minecraft:punch",
            "minecraft:quick_charge",
            "minecraft:respiration",
            "minecraft:riptide",
            "minecraft:sharpness",
            "minecraft:silk_touch",
            "minecraft:smite",
            "minecraft:soul_speed",
            "minecraft:sweeping",
            "minecraft:thorns",
            "minecraft:unbreaking"
          ]
        },
        {
          "function": "minecraft:set_attributes",
          "modifiers": [
            {
              "attribute": "minecraft:generic.attack_damage",
              "name": "",
              "amount": {
                "min": 0,
                "max": 30
              },
              "operation": "addition",
              "slot": "mainhand"
            },
            {
              "attribute": "minecraft:generic.attack_knockback",
              "name": "",
              "amount": {
                "min": 0,
                "max": 5
              },
              "operation": "addition",
              "slot": "mainhand"
            },
            {
              "attribute": "minecraft:generic.attack_speed",
              "name": "",
              "amount": {
                "min": 1,
                "max": 1024
              },
              "operation": "addition",
              "slot": "mainhand"
            },
            {
              "attribute": "minecraft:generic.luck",
              "name": "",
              "amount": {
                "min": -1024,
                "max": 1024
              },
              "operation": "addition",
              "slot": "mainhand"
            },
            {
              "attribute": "minecraft:zombie.spawn_reinforcements",
              "name": "",
              "amount": {
                "min": 0,
                "max": 1
              },
              "operation": "addition",
              "slot": "mainhand"
            },
            {
              "attribute": "minecraft:generic.follow_range",
              "name": "",
              "amount": {
                "min": 0,
                "max": 2048
              },
              "operation": "addition",
              "slot": "mainhand"
            }
          ]
        }
      ]
    }
  ]
}
