{
  "type": "minecraft:jigsaw",
  "biomes": "#wyhaworld:lagmorphia",
  "step": "underground_structures",
  "spawn_overrides": {
    "monster": {
      "bounding_box": "piece",
      "spawns": [
        {
          "type": "minecraft:stray",
          "weight": 100,
          "minCount": 1,
          "maxCount": 5
        },
        {
          "type": "minecraft:vindicator",
          "weight": 100,
          "minCount": 1,
          "maxCount": 5
        },
        {
          "type": "minecraft:drowned",
          "weight": 100,
          "minCount": 1,
          "maxCount": 5
        },
        {
          "type": "minecraft:pillager",
          "weight": 100,
          "minCount": 1,
          "maxCount": 5
        }
      ]
    }
  },
  "terrain_adaptation": "bury",
  "start_pool": "wyhaworld:dungeon",
  "size": 6,
  "start_height": {
    "type": "minecraft:uniform",
    "min_inclusive": {
      "absolute": 63
    },
    "max_inclusive": {
      "absolute": 64
    }
  },
  "max_distance_from_center": 80,
  "use_expansion_hack": true
}
