{
  "type": "minecraft:tree",
  "config": {
    "ignore_vines": true,
    "force_dirt": false,
    "minimum_size": {
      "type": "minecraft:two_layers_feature_size",
      "limit": 1,
      "lower_size": 1,
      "upper_size": 2
    },
    "dirt_provider": {
      "type": "minecraft:simple_state_provider",
      "state": {
        "Name": "minecraft:dirt"
      }
    },
    "trunk_provider": {
      "type": "minecraft:simple_state_provider",
      "state": {
        "Name": "minecraft:dark_oak_log",
        "Properties": {
          "axis": "y"
        }
      }
    },
    "foliage_provider": {
      "type": "minecraft:simple_state_provider",
      "state": {
        "Name": "minecraft:dark_oak_leaves",
        "Properties": {
          "distance": "7",
          "persistent": "true",
          "waterlogged": "false"
        }
      }
    },
    "root_placer": {
      "type": "minecraft:mangrove_root_placer",
      "root_provider": {
        "type": "minecraft:simple_state_provider",
        "state": {
          "Name": "minecraft:short_grass"
        }
      },
      "trunk_offset_y": 0,
      "mangrove_root_placement": {
        "max_root_width": 1,
        "max_root_length": 1,
        "random_skew_chance": 0,
        "can_grow_through": "minecraft:air",
        "muddy_roots_in": "minecraft:grass_block",
        "muddy_roots_provider": {
          "type": "minecraft:simple_state_provider",
          "state": {
            "Name": "minecraft:grass_block",
            "Properties": {
              "snowy": "false"
            }
          }
        }
      }
    },
    "trunk_placer": {
      "type": "minecraft:mega_jungle_trunk_placer",
      "base_height": 32,
      "height_rand_a": 0,
      "height_rand_b": 24
    },
    "foliage_placer": {
      "type": "minecraft:jungle_foliage_placer",
      "radius": 5,
      "offset": 0,
      "height": 5
    },
    "decorators": []
  }
}
