{
  "type": "minecraft:tree",
  "config": {
    "ignore_vines": true,
    "force_dirt": false,
    "minimum_size": {
      "type": "minecraft:two_layers_feature_size",
      "limit": 1,
      "lower_size": 1,
      "upper_size": 2
    },
    "dirt_provider": {
      "type": "minecraft:simple_state_provider",
      "state": {
        "Name": "minecraft:soul_soil"
      }
    },
    "trunk_provider": {
      "type": "minecraft:simple_state_provider",
      "state": {
        "Name": "minecraft:bone_block",
        "Properties": {
          "axis": "y"
        }
      }
    },
    "foliage_provider": {
      "type": "minecraft:simple_state_provider",
      "state": {
        "Name": "minecraft:air"
      }
    },
    "root_placer": {
      "type": "minecraft:mangrove_root_placer",
      "root_provider": {
        "type": "minecraft:weighted_state_provider",
        "entries": [
          {
            "weight": 4,
            "data": {
              "Name": "minecraft:warped_roots"
            }
          },
          {
            "weight": 5,
            "data": {
              "Name": "minecraft:nether_sprouts"
            }
          },
          {
            "weight": 3,
            "data": {
              "Name": "minecraft:skeleton_skull",
              "Properties": {
                "powered": "false",
                "rotation": "0"
              }
            }
          },
          {
            "weight": 3,
            "data": {
              "Name": "minecraft:skeleton_skull",
              "Properties": {
                "powered": "false",
                "rotation": "4"
              }
            }
          },
          {
            "weight": 1,
            "data": {
              "Name": "minecraft:skeleton_skull",
              "Properties": {
                "powered": "false",
                "rotation": "8"
              }
            }
          },
          {
            "weight": 1,
            "data": {
              "Name": "minecraft:skeleton_skull",
              "Properties": {
                "powered": "false",
                "rotation": "12"
              }
            }
          },
          {
            "weight": 1,
            "data": {
              "Name": "minecraft:wither_skeleton_skull",
              "Properties": {
                "powered": "false",
                "rotation": "0"
              }
            }
          },
          {
            "weight": 1,
            "data": {
              "Name": "minecraft:wither_skeleton_skull",
              "Properties": {
                "powered": "false",
                "rotation": "4"
              }
            }
          },
          {
            "weight": 1,
            "data": {
              "Name": "minecraft:wither_skeleton_skull",
              "Properties": {
                "powered": "false",
                "rotation": "8"
              }
            }
          },
          {
            "weight": 1,
            "data": {
              "Name": "minecraft:wither_skeleton_skull",
              "Properties": {
                "powered": "false",
                "rotation": "12"
              }
            }
          }
        ]
      },
      "trunk_offset_y": 0,
      "mangrove_root_placement": {
        "max_root_width": 1,
        "max_root_length": 1,
        "random_skew_chance": 0,
        "can_grow_through": "#minecraft:air",
        "muddy_roots_in": "minecraft:soul_soil",
        "muddy_roots_provider": {
          "type": "minecraft:simple_state_provider",
          "state": {
            "Name": "minecraft:soul_soil"
          }
        }
      }
    },
    "trunk_placer": {
      "type": "minecraft:mega_jungle_trunk_placer",
      "base_height": 32,
      "height_rand_a": 0,
      "height_rand_b": 24
    },
    "foliage_placer": {
      "type": "minecraft:jungle_foliage_placer",
      "radius": 1,
      "offset": 0,
      "height": 1
    },
    "decorators": []
  }
}
