{
  "sea_level": -64,
  "disable_mob_generation": false,
  "aquifers_enabled": true,
  "ore_veins_enabled": true,
  "legacy_random_source": true,
  "default_block": {
    "Name": "minecraft:deepslate",
    "Properties": {
      "axis": "y"
    }
  },
  "default_fluid": {
    "Name": "minecraft:water",
    "Properties": {
      "level": "0"
    }
  },
  "noise": {
    "min_y": 0,
    "height": 512,
    "size_horizontal": 2,
    "size_vertical": 1
  },
  "noise_router": {
    "barrier": 0,
    "fluid_level_floodedness": 0,
    "fluid_level_spread": 0,
    "lava": 0,
    "temperature": {
      "type": "minecraft:shifted_noise",
      "noise": "minecraft:temperature",
      "xz_scale": 0.25,
      "y_scale": 0,
      "shift_x": "minecraft:shift_x",
      "shift_y": 0,
      "shift_z": "minecraft:shift_z"
    },
    "vegetation": {
      "type": "minecraft:shifted_noise",
      "noise": "minecraft:vegetation",
      "xz_scale": 0.25,
      "y_scale": 0,
      "shift_x": "minecraft:shift_x",
      "shift_y": 0,
      "shift_z": "minecraft:shift_z"
    },
    "continents": 0,
    "erosion": 0,
    "depth": 0,
    "ridges": 0,
    "initial_density_without_jaggedness": 0,
    "final_density": {
      "type": "minecraft:squeeze",
      "argument": {
        "type": "minecraft:mul",
        "argument1": 0.64,
        "argument2": {
          "type": "minecraft:interpolated",
          "argument": {
            "type": "minecraft:blend_density",
            "argument": {
              "type": "minecraft:add",
              "argument1": -0.234375,
              "argument2": {
                "type": "minecraft:mul",
                "argument1": {
                  "type": "minecraft:y_clamped_gradient",
                  "from_y": 4,
                  "to_y": 32,
                  "from_value": 0,
                  "to_value": 1
                },
                "argument2": {
                  "type": "minecraft:add",
                  "argument1": 0.234375,
                  "argument2": {
                    "type": "minecraft:add",
                    "argument1": -23.4375,
                    "argument2": {
                      "type": "minecraft:mul",
                      "argument1": {
                        "type": "minecraft:y_clamped_gradient",
                        "from_y": 184,
                        "to_y": 440,
                        "from_value": 1,
                        "to_value": 0
                      },
                      "argument2": {
                        "type": "minecraft:add",
                        "argument1": 23.4375,
                        "argument2": "minecraft:end/base_3d_noise"
                      }
                    }
                  }
                }
              }
            }
          }
        }
      }
    },
    "vein_toggle": 0,
    "vein_ridged": 0,
    "vein_gap": 0
  },
  "spawn_target": [],
  "surface_rule": {
    "type": "minecraft:sequence",
    "sequence": [
      {
        "type": "minecraft:condition",
        "if_true": {
          "type": "minecraft:biome",
          "biome_is": [
            "wyhaworld:lagmorphian_river"
          ]
        },
        "then_run": {
          "type": "minecraft:condition",
          "if_true": {
            "type": "minecraft:not",
            "invert": {
              "type": "minecraft:steep"
            }
          },
          "then_run": {
            "type": "minecraft:condition",
            "if_true": {
              "type": "minecraft:stone_depth",
              "offset": 5,
              "surface_type": "floor",
              "add_surface_depth": false,
              "secondary_depth_range": 0
            },
            "then_run": {
              "type": "minecraft:block",
              "result_state": {
                "Name": "minecraft:water",
                "Properties": {
                  "level": "0"
                }
              }
            }
          }
        }
      },
      {
        "type": "minecraft:condition",
        "if_true": {
          "type": "minecraft:biome",
          "biome_is": [
            "wyhaworld:lagmorphian_river"
          ]
        },
        "then_run": {
          "type": "minecraft:condition",
          "if_true": {
            "type": "minecraft:stone_depth",
            "offset": 6,
            "surface_type": "floor",
            "add_surface_depth": false,
            "secondary_depth_range": 0
          },
          "then_run": {
            "type": "minecraft:block",
            "result_state": {
              "Name": "minecraft:moss_block"
            }
          }
        }
      },
      {
        "type": "minecraft:condition",
        "if_true": {
          "type": "minecraft:biome",
          "biome_is": [
            "wyhaworld:lagmorphian_plains",
            "wyhaworld:lagmorphian_woods",
            "wyhaworld:lagmorphian_peaks",
            "wyhaworld:lagmorphian_river"
          ]
        },
        "then_run": {
          "type": "minecraft:condition",
          "if_true": {
            "type": "minecraft:stone_depth",
            "offset": 0,
            "surface_type": "floor",
            "add_surface_depth": false,
            "secondary_depth_range": 0
          },
          "then_run": {
            "type": "minecraft:block",
            "result_state": {
              "Name": "minecraft:grass_block",
              "Properties": {
                "snowy": "false"
              }
            }
          }
        }
      },
      {
        "type": "minecraft:condition",
        "if_true": {
          "type": "minecraft:biome",
          "biome_is": [
            "wyhaworld:lagmorphian_plains",
            "wyhaworld:lagmorphian_peaks",
            "wyhaworld:lagmorphian_woods",
            "wyhaworld:lagmorphian_river"
          ]
        },
        "then_run": {
          "type": "minecraft:condition",
          "if_true": {
            "type": "minecraft:stone_depth",
            "offset": 2,
            "surface_type": "floor",
            "add_surface_depth": false,
            "secondary_depth_range": 0
          },
          "then_run": {
            "type": "minecraft:block",
            "result_state": {
              "Name": "minecraft:dirt"
            }
          }
        }
      },
      {
        "type": "minecraft:condition",
        "if_true": {
          "type": "minecraft:biome",
          "biome_is": [
            "wyhaworld:lagmorphian_forbidden_fijord"
          ]
        },
        "then_run": {
          "type": "minecraft:condition",
          "if_true": {
            "type": "minecraft:stone_depth",
            "offset": 0,
            "surface_type": "floor",
            "add_surface_depth": false,
            "secondary_depth_range": 0
          },
          "then_run": {
            "type": "minecraft:block",
            "result_state": {
              "Name": "minecraft:soul_soil"
            }
          }
        }
      },
      {
        "type": "minecraft:condition",
        "if_true": {
          "type": "minecraft:biome",
          "biome_is": [
            "wyhaworld:lagmorphian_forbidden_fijord"
          ]
        },
        "then_run": {
          "type": "minecraft:condition",
          "if_true": {
            "type": "minecraft:stone_depth",
            "offset": 255,
            "surface_type": "floor",
            "add_surface_depth": false,
            "secondary_depth_range": 255
          },
          "then_run": {
            "type": "minecraft:block",
            "result_state": {
              "Name": "minecraft:blackstone"
            }
          }
        }
      }
    ]
  }
}
