{
  "type": "minecraft:block",
  "pools": [
    {
      "rolls": 1,
      "bonus_rolls": 0,
      "entries": [
        {
          "type": "minecraft:alternatives",
          "children": [
            {
              "type": "minecraft:item",
              "name": "minecraft:short_grass",
              "functions": [
                {
                  "function": "minecraft:set_count",
                  "count": 2,
                  "add": false
                }
              ],
              "conditions": [
                {
                  "condition": "minecraft:match_tool",
                  "predicate": {
                    "items": "minecraft:shears"
                  }
                }
              ]
            },
            {
              "type": "minecraft:item",
              "name": "minecraft:wheat_seeds",
              "conditions": [
                {
                  "condition": "minecraft:survives_explosion"
                },
                {
                  "condition": "minecraft:random_chance",
                  "chance": 0.125
                }
              ]
            }
          ]
        }
      ],
      "conditions": [
        {
          "condition": "minecraft:block_state_property",
          "block": "minecraft:tall_grass",
          "properties": {
            "half": "lower"
          }
        },
        {
          "condition": "minecraft:location_check",
          "offsetY": 1,
          "predicate": {
            "block": {
              "blocks": "minecraft:tall_grass",
              "state": {
                "half": "upper"
              }
            }
          }
        }
      ]
    },
    {
      "rolls": 1,
      "bonus_rolls": 0,
      "entries": [
        {
          "type": "minecraft:alternatives",
          "children": [
            {
              "type": "minecraft:item",
              "name": "minecraft:short_grass",
              "functions": [
                {
                  "function": "minecraft:set_count",
                  "count": 2,
                  "add": false
                }
              ],
              "conditions": [
                {
                  "condition": "minecraft:match_tool",
                  "predicate": {
                    "items": "minecraft:shears"
                  }
                }
              ]
            },
            {
              "type": "minecraft:item",
              "name": "minecraft:wheat_seeds",
              "conditions": [
                {
                  "condition": "minecraft:survives_explosion"
                },
                {
                  "condition": "minecraft:random_chance",
                  "chance": 0.125
                }
              ]
            }
          ]
        }
      ],
      "conditions": [
        {
          "condition": "minecraft:block_state_property",
          "block": "minecraft:tall_grass",
          "properties": {
            "half": "upper"
          }
        },
        {
          "condition": "minecraft:location_check",
          "offsetY": -1,
          "predicate": {
            "block": {
              "blocks": "minecraft:tall_grass",
              "state": {
                "half": "lower"
              }
            }
          }
        }
      ]
    },
    {
      "rolls": 1,
      "entries": [
        {
          "type": "minecraft:item",
          "name": "minecraft:carrot"
        }
      ],
      "conditions": [
        {
          "condition": "minecraft:random_chance",
          "chance": 0.125
        },
        {
          "condition": "minecraft:location_check",
          "predicate": {
            "dimension": "whs_world:lagmorphia"
          }
        }
      ]
    }
  ],
  "random_sequence": "minecraft:blocks/tall_grass"
}
