{
  "display": {
    "icon": {
      "id": "minecraft:clock"
    },
    "title": {
      "text": "This place seems safe",
      "color": "gray"
    },
    "description": {
      "text": "Survive for 2 days in the dimension.",
      "color": "gold"
    },
    "frame": "challenge",
    "show_toast": true,
    "announce_to_chat": true
  },
  "parent": "whs_world:lagmorphia",
  "criteria": {
    "requirement": {
      "trigger": "minecraft:tick",
      "conditions": {
        "player": [
          {
            "condition": "minecraft:location_check",
            "predicate": {
              "dimension": "whs_world:lagmorphia"
            }
          },
          {
            "condition": "minecraft:time_check",
            "value": 48000
          }
        ]
      }
    }
  },
  "requirements": [
    [
      "requirement"
    ]
  ]
}
