{
  "display": {
    "icon": {
      "id": "minecraft:polished_blackstone_bricks"
    },
    "title": {
      "text": "Doesn't look so safe...",
      "color": "gray",
      "bold": true
    },
    "description": {
      "text": "Enter the Dungeon",
      "color": "light_gray"
    },
    "frame": "task",
    "show_toast": true,
    "announce_to_chat": true
  },
  "parent": "whs_world:forbidden",
  "criteria": {
    "stuff": {
      "trigger": "minecraft:location",
      "conditions": {
        "player": {
          "location": {
            "structures": "whs_world:dungeon",
            "dimension": "whs_world:lagmorphia"
          }
        }
      }
    }
  },
  "requirements": [
    [
      "stuff"
    ]
  ]
}
