{
  "display": {
    "icon": {
      "id": "minecraft:bell"
    },
    "title": {
      "text": "This village seems safe...",
      "color": "aqua",
      "bold": true
    },
    "description": {
      "text": "Enter the village",
      "color": "yellow"
    },
    "frame": "task",
    "show_toast": true,
    "announce_to_chat": true
  },
  "parent": "whs_world:plains",
  "criteria": {
    "stuff": {
      "trigger": "minecraft:location",
      "conditions": {
        "player": {
          "location": {
            "structures": "whs_world:village_lagmorphia",
            "dimension": "whs_world:lagmorphia"
          }
        }
      }
    }
  },
  "requirements": [
    [
      "stuff"
    ]
  ]
}
