{
  "display": {
    "icon": {
      "id": "minecraft:dark_oak_sapling"
    },
    "title": {
      "text": "Giant trees!",
      "color": "aqua",
      "bold": true
    },
    "description": {
      "text": "Explore the woods of this world",
      "color": "yellow"
    },
    "frame": "task",
    "show_toast": true,
    "announce_to_chat": true
  },
  "parent": "whs_world:lagmorphia",
  "criteria": {
    "stuff": {
      "trigger": "minecraft:location",
      "conditions": {
        "player": {
          "location": {
            "biomes": "whs_world:lagmorphian_woods",
            "dimension": "whs_world:lagmorphia"
          }
        }
      }
    }
  },
  "requirements": [
    [
      "stuff"
    ]
  ]
}
