{
  "structures": [
    {
      "structure": "whs_world:hut",
      "weight": 4
    },
    {
      "structure": "whs_world:village_lagmorphia",
      "weight": 3
    },
    {
      "structure": "whs_world:arena",
      "weight": 2
    },
    {
      "structure": "whs_world:dungeon",
      "weight": 1
    }
  ],
  "placement": {
    "type": "minecraft:random_spread",
    "salt": 252729314,
    "frequency_reduction_method": "legacy_type_2",
    "frequency": 0.25,
    "spacing": 6,
    "separation": 5
  }
}
