{
  "fallback": "minecraft:empty",
  "elements": [
    {
      "weight": 1,
      "element": {
        "element_type": "minecraft:single_pool_element",
        "projection": "rigid",
        "location": "whs_world:tavern/room/yellow",
        "override_liquid_settings": "ignore_waterlogging",
        "processors": "minecraft:empty"
      }
    },
    {
      "weight": 1,
      "element": {
        "element_type": "minecraft:single_pool_element",
        "projection": "rigid",
        "location": "whs_world:tavern/room/blue",
        "override_liquid_settings": "ignore_waterlogging",
        "processors": "minecraft:empty"
      }
    },
    {
      "weight": 1,
      "element": {
        "element_type": "minecraft:single_pool_element",
        "projection": "rigid",
        "location": "whs_world:tavern/room/black",
        "override_liquid_settings": "ignore_waterlogging",
        "processors": "minecraft:empty"
      }
    },
    {
      "weight": 1,
      "element": {
        "element_type": "minecraft:single_pool_element",
        "projection": "rigid",
        "location": "whs_world:tavern/room/orange",
        "override_liquid_settings": "ignore_waterlogging",
        "processors": "minecraft:empty"
      }
    },
    {
      "weight": 1,
      "element": {
        "element_type": "minecraft:single_pool_element",
        "projection": "rigid",
        "location": "whs_world:tavern/room/gray",
        "override_liquid_settings": "ignore_waterlogging",
        "processors": "minecraft:empty"
      }
    }
  ]
}
