{
  "type": "minecraft:jigsaw",
  "biomes": [
    "whs_world:lagmorphian_woods",
    "whs_world:lagmorphian_peaks",
    "whs_world:lagmorphian_plains"
  ],
  "step": "underground_structures",
  "spawn_overrides": {},
  "terrain_adaptation": "beard_box",
  "start_pool": "whs_world:dungeon",
  "size": 5,
  "start_height": {
    "type": "minecraft:biased_to_bottom",
    "min_inclusive": {
      "below_top": 60
    },
    "max_inclusive": {
      "above_bottom": 0
    },
    "inner": 5
  },
  "max_distance_from_center": 80,
  "use_expansion_hack": true,
  "dimension_padding": 5,
  "liquid_settings": "ignore_waterlogging"
}
