{
  "type": "whs_world:lagmorphia",
  "generator": {
    "type": "minecraft:noise",
    "settings": "whs_world:lagmorphia",
    "biome_source": {
      "type": "minecraft:multi_noise",
      "biomes": [
        {
          "biome": "whs_world:lagmorphian_plains",
          "parameters": {
            "temperature": 0,
            "humidity": 0,
            "continentalness": 0,
            "erosion": 0,
            "weirdness": 0,
            "depth": 0,
            "offset": 0
          }
        },
        {
          "biome": "whs_world:lagmorphian_woods",
          "parameters": {
            "temperature": 0,
            "humidity": 0,
            "continentalness": 0.1,
            "erosion": 0,
            "weirdness": 0,
            "depth": 0,
            "offset": 0
          }
        },
        {
          "biome": "whs_world:lagmorphian_peaks",
          "parameters": {
            "temperature": 0,
            "humidity": 0,
            "continentalness": 0.5,
            "erosion": 0,
            "weirdness": 0,
            "depth": 0,
            "offset": 0
          }
        },
        {
          "biome": "whs_world:lagmorphian_forbidden_fjord",
          "parameters": {
            "temperature": 0,
            "humidity": 0,
            "continentalness": 1,
            "erosion": 0,
            "weirdness": 0,
            "depth": 0,
            "offset": 0
          }
        }
      ]
    }
  }
}
